ID,Longitude,Latitude
Loc090116_7m,7.0,47.02
ERR4011033,18.6203,59.8376
Loc090402_7m,7.0,47.02
ERR3761195,14.487639,48.846361
Loc090116_4m,7.0,47.02
SRR6754101,14.487639,48.846361
SRR7054681,8.57,47.3
SRR4198666,-0.6499,39.14
SRR7054680,8.57,47.3
Loc090116_1m,7.0,47.02
ERR3761196,14.487639,48.846361
SRR6754092,14.487639,48.846361
Loc090721_4m,7.0,47.02
Loc090116_8m,7.0,47.02
SRR6754102,14.487639,48.846361
SRR6475632,8.57,47.3
SRR4198832,-0.6499,39.14
